,seed,N,p_cts,p_bin,K,missing_mean,alpha_mean,K_model,mnar,algo,mnar_sparsity,n_sample,DZ,DP,DThetaX,time
0,0,200,0,0,2,-10000.0,-1.85,2,False,MLE,0.0,0,0.7188387851563364,0.23056166989971166,0.0,1.4949147701263428
1,0,200,0,0,2,-10000.0,-1.85,2,False,MAP,0.0,0,0.25577232505208286,0.17054748256672222,0.0,1.696561574935913
2,0,200,0,0,2,-10000.0,-1.85,2,False,VIMC,0.0,0,0.28117688987023753,0.15675527637702028,0.0,33.96766710281372
3,0,200,0,0,2,-10000.0,-1.85,2,False,ADVI,0.0,0,0.2565397649147394,0.15587919477716897,0.0,4.2474730014801025
4,1,200,0,0,2,-10000.0,-1.85,2,False,MLE,0.0,0,0.4496573331367445,0.17654231417893584,0.0,1.5246875286102295
5,1,200,0,0,2,-10000.0,-1.85,2,False,MAP,0.0,0,0.19785456076851218,0.1415273963721356,0.0,1.6561121940612793
6,1,200,0,0,2,-10000.0,-1.85,2,False,VIMC,0.0,0,0.22552192386521033,0.13533003995276688,0.0,33.85936951637268
7,1,200,0,0,2,-10000.0,-1.85,2,False,ADVI,0.0,0,0.20148552800200098,0.1349126294688929,0.0,4.013000726699829
8,2,200,0,0,2,-10000.0,-1.85,2,False,MLE,0.0,0,0.9504323744447905,0.2895673769303757,0.0,1.5582096576690674
9,2,200,0,0,2,-10000.0,-1.85,2,False,MAP,0.0,0,0.3098537978041311,0.209891305778352,0.0,1.6447229385375977
10,2,200,0,0,2,-10000.0,-1.85,2,False,VIMC,0.0,0,0.33080222253607966,0.1915905965887655,0.0,33.65400004386902
11,2,200,0,0,2,-10000.0,-1.85,2,False,ADVI,0.0,0,0.3060318352502349,0.19329832814832595,0.0,4.0277721881866455
12,3,200,0,0,2,-10000.0,-1.85,2,False,MLE,0.0,0,0.7242768280391834,0.24928212938813357,0.0,1.5748765468597412
13,3,200,0,0,2,-10000.0,-1.85,2,False,MAP,0.0,0,0.30639524836299636,0.18189492032069446,0.0,1.5074737071990967
14,3,200,0,0,2,-10000.0,-1.85,2,False,VIMC,0.0,0,0.3339942425566223,0.17882081574419673,0.0,33.518961906433105
15,3,200,0,0,2,-10000.0,-1.85,2,False,ADVI,0.0,0,0.30758827456683596,0.1761493553485935,0.0,4.02292275428772
16,4,200,0,0,2,-10000.0,-1.85,2,False,MLE,0.0,0,0.6018364409355501,0.20695737400351452,0.0,1.5984606742858887
17,4,200,0,0,2,-10000.0,-1.85,2,False,MAP,0.0,0,0.23682065253187737,0.14804448352857816,0.0,1.7226591110229492
18,4,200,0,0,2,-10000.0,-1.85,2,False,VIMC,0.0,0,0.2727230298402136,0.14651562947147842,0.0,33.38704204559326
19,4,200,0,0,2,-10000.0,-1.85,2,False,ADVI,0.0,0,0.23957427453240512,0.14730949830026227,0.0,4.049203157424927
20,5,200,0,0,2,-10000.0,-1.85,2,False,MLE,0.0,0,0.656231410097767,0.23606857646799645,0.0,1.5371389389038086
21,5,200,0,0,2,-10000.0,-1.85,2,False,MAP,0.0,0,0.27171934405839504,0.1742406363388387,0.0,1.6740798950195312
22,5,200,0,0,2,-10000.0,-1.85,2,False,VIMC,0.0,0,0.29297477385449694,0.16596074556571444,0.0,33.57285022735596
23,5,200,0,0,2,-10000.0,-1.85,2,False,ADVI,0.0,0,0.2730455802474693,0.16487336453989598,0.0,4.036772966384888
24,6,200,0,0,2,-10000.0,-1.85,2,False,MLE,0.0,0,0.5801375266294688,0.22748588012370694,0.0,1.5349934101104736
25,6,200,0,0,2,-10000.0,-1.85,2,False,MAP,0.0,0,0.2665005354493331,0.17178299562129118,0.0,1.701188087463379
26,6,200,0,0,2,-10000.0,-1.85,2,False,VIMC,0.0,0,0.29278762591816127,0.16218634643572605,0.0,33.620057344436646
27,6,200,0,0,2,-10000.0,-1.85,2,False,ADVI,0.0,0,0.2572416104420989,0.16291442974966747,0.0,4.026867389678955
28,7,200,0,0,2,-10000.0,-1.85,2,False,MLE,0.0,0,0.4682513359222525,0.2013642097548976,0.0,1.5415308475494385
29,7,200,0,0,2,-10000.0,-1.85,2,False,MAP,0.0,0,0.24232200009251217,0.1547229284892304,0.0,1.6861233711242676
30,7,200,0,0,2,-10000.0,-1.85,2,False,VIMC,0.0,0,0.2775595043330249,0.14432782927557541,0.0,33.62713265419006
31,7,200,0,0,2,-10000.0,-1.85,2,False,ADVI,0.0,0,0.23820406173240355,0.1430867699527096,0.0,4.317753076553345
32,8,200,0,0,2,-10000.0,-1.85,2,False,MLE,0.0,0,0.9442001165721646,0.2370713716344651,0.0,1.5381734371185303
33,8,200,0,0,2,-10000.0,-1.85,2,False,MAP,0.0,0,0.22915808254052678,0.16564049036623993,0.0,1.7271058559417725
34,8,200,0,0,2,-10000.0,-1.85,2,False,VIMC,0.0,0,0.2582584360769178,0.159546788440348,0.0,33.703174352645874
35,8,200,0,0,2,-10000.0,-1.85,2,False,ADVI,0.0,0,0.23393430370794238,0.15967507656150193,0.0,4.095099687576294
36,9,200,0,0,2,-10000.0,-1.85,2,False,MLE,0.0,0,0.5268336853836936,0.19046452680311343,0.0,1.5429871082305908
37,9,200,0,0,2,-10000.0,-1.85,2,False,MAP,0.0,0,0.22928763404066088,0.14080769991870684,0.0,1.6494550704956055
38,9,200,0,0,2,-10000.0,-1.85,2,False,VIMC,0.0,0,0.2551740964440495,0.13711032513061153,0.0,33.90020966529846
39,9,200,0,0,2,-10000.0,-1.85,2,False,ADVI,0.0,0,0.22812922960069237,0.1371295354746419,0.0,4.024929761886597
40,0,200,10,0,2,-10000.0,-1.85,2,False,MLE,0.0,0,0.15114976763089832,0.13407461576427812,0.003352245407193298,2.0993266105651855
41,0,200,10,0,2,-10000.0,-1.85,2,False,MAP,0.0,0,0.17883709012452506,0.1264188692799369,0.0036114208803627065,2.309548854827881
42,0,200,10,0,2,-10000.0,-1.85,2,False,VIMC,0.0,0,0.14632042833956482,0.12393113812475902,0.0036128909994409017,34.792460918426514
43,0,200,10,0,2,-10000.0,-1.85,2,False,ADVI,0.0,0,0.12344289010848798,0.11876721037940459,0.0032115123815519195,5.074384450912476
44,1,200,10,0,2,-10000.0,-1.85,2,False,MLE,0.0,0,0.1409677762377479,0.10329047623798608,0.002888593458301019,2.444584369659424
45,1,200,10,0,2,-10000.0,-1.85,2,False,MAP,0.0,0,0.15254370076427717,0.09939250980688971,0.0028795043383410225,2.5464470386505127
46,1,200,10,0,2,-10000.0,-1.85,2,False,VIMC,0.0,0,0.12842969498219145,0.098789735276391,0.002925958149800077,34.70561242103577
47,1,200,10,0,2,-10000.0,-1.85,2,False,ADVI,0.0,0,0.10764202968444962,0.09590772443589912,0.002654800456118565,5.18514609336853
48,2,200,10,0,2,-10000.0,-1.85,2,False,MLE,0.0,0,0.18088909499532316,0.14720224667485787,0.004462155425349358,2.3922204971313477
49,2,200,10,0,2,-10000.0,-1.85,2,False,MAP,0.0,0,0.19186883799143145,0.14067044431903378,0.004814432515304705,2.499480962753296
50,2,200,10,0,2,-10000.0,-1.85,2,False,VIMC,0.0,0,0.15246052678868088,0.13251289732989296,0.004504287552230113,34.94677400588989
51,2,200,10,0,2,-10000.0,-1.85,2,False,ADVI,0.0,0,0.1368339691888845,0.13056332564152454,0.0041841309580915205,5.014298439025879
52,3,200,10,0,2,-10000.0,-1.85,2,False,MLE,0.0,0,0.1792281190233048,0.1312137902789973,0.0034802944846301243,2.4237122535705566
53,3,200,10,0,2,-10000.0,-1.85,2,False,MAP,0.0,0,0.16185654195842014,0.11931149656038771,0.0036394864202136585,2.269723653793335
54,3,200,10,0,2,-10000.0,-1.85,2,False,VIMC,0.0,0,0.14067412379253424,0.11605756937323762,0.003654419743800881,34.91533613204956
55,3,200,10,0,2,-10000.0,-1.85,2,False,ADVI,0.0,0,0.11928330511170795,0.109791228536859,0.00332592706542653,4.344424247741699
56,4,200,10,0,2,-10000.0,-1.85,2,False,MLE,0.0,0,0.15798739033078352,0.1193921211239552,0.0039303837734545755,2.393317461013794
57,4,200,10,0,2,-10000.0,-1.85,2,False,MAP,0.0,0,0.19960339968571375,0.12010835723495165,0.00409687407888766,2.518332004547119
58,4,200,10,0,2,-10000.0,-1.85,2,False,VIMC,0.0,0,0.15853331093480644,0.11427539186308473,0.004003994828413501,34.75545334815979
59,4,200,10,0,2,-10000.0,-1.85,2,False,ADVI,0.0,0,0.13783056531922797,0.11234189343728834,0.0036549740941933854,5.012967348098755
60,5,200,10,0,2,-10000.0,-1.85,2,False,MLE,0.0,0,0.2290021261204981,0.14193941825444886,0.004492233328835964,2.4511587619781494
61,5,200,10,0,2,-10000.0,-1.85,2,False,MAP,0.0,0,0.3608138225569186,0.23092772060582556,0.00910980170496226,2.5686776638031006
62,5,200,10,0,2,-10000.0,-1.85,2,False,VIMC,0.0,0,0.16242704628257942,0.12720990728375814,0.004785856651892479,34.750487089157104
63,5,200,10,0,2,-10000.0,-1.85,2,False,ADVI,0.0,0,0.1317653950484286,0.11353834742692719,0.0040474079012893585,4.885306119918823
64,6,200,10,0,2,-10000.0,-1.85,2,False,MLE,0.0,0,0.12740578466026065,0.106239841405751,0.0024913033407618483,2.42509388923645
65,6,200,10,0,2,-10000.0,-1.85,2,False,MAP,0.0,0,0.1686418374806282,0.10290637530928962,0.0025368662770734033,2.5450048446655273
66,6,200,10,0,2,-10000.0,-1.85,2,False,VIMC,0.0,0,0.15161424758465192,0.10220217150970422,0.0026187995949671227,34.84540557861328
67,6,200,10,0,2,-10000.0,-1.85,2,False,ADVI,0.0,0,0.12137649710278142,0.09692487908783953,0.0023864292997451833,5.0154736042022705
68,7,200,10,0,2,-10000.0,-1.85,2,False,MLE,0.0,0,0.12932053422634002,0.12376426652366991,0.0027758156809674452,2.420384168624878
69,7,200,10,0,2,-10000.0,-1.85,2,False,MAP,0.0,0,0.1724114569768009,0.11727464439477546,0.0028862078590919512,2.5518829822540283
70,7,200,10,0,2,-10000.0,-1.85,2,False,VIMC,0.0,0,0.14216159591532404,0.11026634785110313,0.0028603586204919485,34.8445348739624
71,7,200,10,0,2,-10000.0,-1.85,2,False,ADVI,0.0,0,0.11530585545769648,0.10349510706576408,0.0025451648911176965,4.94040846824646
72,8,200,10,0,2,-10000.0,-1.85,2,False,MLE,0.0,0,0.18887412552668997,0.12588965981700728,0.003691379234297849,2.4152097702026367
73,8,200,10,0,2,-10000.0,-1.85,2,False,MAP,0.0,0,0.18547157138071954,0.12240602751286123,0.003929981634070279,2.2320775985717773
74,8,200,10,0,2,-10000.0,-1.85,2,False,VIMC,0.0,0,0.1580910702868014,0.11871184016624864,0.0038278130777746012,34.844974756240845
75,8,200,10,0,2,-10000.0,-1.85,2,False,ADVI,0.0,0,0.13276468338322658,0.11353304682078995,0.003489294518059518,4.908421277999878
76,9,200,10,0,2,-10000.0,-1.85,2,False,MLE,0.0,0,0.1728811885242121,0.11308827576653054,0.003311218706013941,2.3969998359680176
77,9,200,10,0,2,-10000.0,-1.85,2,False,MAP,0.0,0,0.14704782190104468,0.10157798986696667,0.0032545199582407597,2.5358965396881104
78,9,200,10,0,2,-10000.0,-1.85,2,False,VIMC,0.0,0,0.1247813879983279,0.09539117980011146,0.0031857443498169466,34.85733079910278
79,9,200,10,0,2,-10000.0,-1.85,2,False,ADVI,0.0,0,0.10800292853518093,0.0909877267292589,0.0029940706859203836,5.18462872505188
80,0,200,20,0,2,-10000.0,-1.85,2,False,MLE,0.0,0,0.13182284018704532,0.13475558412525387,0.006723411518680953,2.413733720779419
81,0,200,20,0,2,-10000.0,-1.85,2,False,MAP,0.0,0,0.15385162903341726,0.11240012475394918,0.006674203874350639,2.5476810932159424
82,0,200,20,0,2,-10000.0,-1.85,2,False,VIMC,0.0,0,0.10639675456112199,0.10502903283047625,0.006259857595896012,35.01615905761719
83,0,200,20,0,2,-10000.0,-1.85,2,False,ADVI,0.0,0,0.09550147948265914,0.10634833314522599,0.006274382175247003,5.250302314758301
84,1,200,20,0,2,-10000.0,-1.85,2,False,MLE,0.0,0,0.08631353248735768,0.10812891041640588,0.004159488376960082,2.4173290729522705
85,1,200,20,0,2,-10000.0,-1.85,2,False,MAP,0.0,0,0.13093197056075478,0.1027794029487685,0.004198460958762951,2.5414469242095947
86,1,200,20,0,2,-10000.0,-1.85,2,False,VIMC,0.0,0,0.0860869254924112,0.09315476442408106,0.0039536677003282625,35.03511047363281
87,1,200,20,0,2,-10000.0,-1.85,2,False,ADVI,0.0,0,0.07102552230311267,0.09431068479597315,0.00393759878587554,5.230845928192139
88,2,200,20,0,2,-10000.0,-1.85,2,False,MLE,0.0,0,0.1118980187285924,0.11566632247231022,0.0052338487715478076,2.4120559692382812
89,2,200,20,0,2,-10000.0,-1.85,2,False,MAP,0.0,0,0.14651291502237218,0.10670046881842035,0.0052568331874511855,2.4945874214172363
90,2,200,20,0,2,-10000.0,-1.85,2,False,VIMC,0.0,0,0.09491477841510126,0.09562395711139006,0.00492509674900292,34.85677766799927
91,2,200,20,0,2,-10000.0,-1.85,2,False,ADVI,0.0,0,0.0800754437261426,0.09480568533043175,0.0049333909964322485,4.723043203353882
92,3,200,20,0,2,-10000.0,-1.85,2,False,MLE,0.0,0,0.09042481475821369,0.10081198804262219,0.004593103292512551,2.423521041870117
93,3,200,20,0,2,-10000.0,-1.85,2,False,MAP,0.0,0,0.13141399778474103,0.10233531453729154,0.004529851171276399,2.360121965408325
94,3,200,20,0,2,-10000.0,-1.85,2,False,VIMC,0.0,0,0.09118894354397221,0.09160106739975173,0.0044720903211014525,35.1175742149353
95,3,200,20,0,2,-10000.0,-1.85,2,False,ADVI,0.0,0,0.07732423137595822,0.09015772744644865,0.0044166511145399216,5.1241888999938965
96,4,200,20,0,2,-10000.0,-1.85,2,False,MLE,0.0,0,0.1331070771620203,0.12884749926533356,0.00584713872028085,2.4189999103546143
97,4,200,20,0,2,-10000.0,-1.85,2,False,MAP,0.0,0,0.1601175001947241,0.11748410889646409,0.005850003304302085,2.2667901515960693
98,4,200,20,0,2,-10000.0,-1.85,2,False,VIMC,0.0,0,0.10309232120787966,0.11042430186545436,0.005878122111527612,35.165830850601196
99,4,200,20,0,2,-10000.0,-1.85,2,False,ADVI,0.0,0,0.08532282378717097,0.10665158751537496,0.005599816956455364,5.157021522521973
100,5,200,20,0,2,-10000.0,-1.85,2,False,MLE,0.0,0,0.0840746922087167,0.10646217527224631,0.005143434046449107,2.429703712463379
101,5,200,20,0,2,-10000.0,-1.85,2,False,MAP,0.0,0,0.18246891149292094,0.11845363478800136,0.0052741982930580465,2.548779010772705
102,5,200,20,0,2,-10000.0,-1.85,2,False,VIMC,0.0,0,0.11276547731811166,0.09966311474623848,0.004851926285552573,35.151649951934814
103,5,200,20,0,2,-10000.0,-1.85,2,False,ADVI,0.0,0,0.09431818492073851,0.09993035262890923,0.004867356181962349,5.0849289894104
104,6,200,20,0,2,-10000.0,-1.85,2,False,MLE,0.0,0,0.11690433036941783,0.10262723595955402,0.004647642450474334,2.406365394592285
105,6,200,20,0,2,-10000.0,-1.85,2,False,MAP,0.0,0,0.13949248241104137,0.09299472319484306,0.004758833406097972,2.385277271270752
106,6,200,20,0,2,-10000.0,-1.85,2,False,VIMC,0.0,0,0.08857752816341917,0.08277255084975514,0.004352923264146201,35.10423159599304
107,6,200,20,0,2,-10000.0,-1.85,2,False,ADVI,0.0,0,0.07743796280948231,0.08581658842837647,0.004457385909382741,5.058987855911255
108,7,200,20,0,2,-10000.0,-1.85,2,False,MLE,0.0,0,0.08273906084970596,0.10243194774801516,0.004064096856796163,2.428039789199829
109,7,200,20,0,2,-10000.0,-1.85,2,False,MAP,0.0,0,0.16845262555259316,0.1025605950228364,0.004099310186447163,2.3364391326904297
110,7,200,20,0,2,-10000.0,-1.85,2,False,VIMC,0.0,0,0.10959157895335178,0.08722762021964225,0.003920069656945308,35.19974231719971
111,7,200,20,0,2,-10000.0,-1.85,2,False,ADVI,0.0,0,0.0861440176675877,0.08666215883527859,0.00388856507501482,5.022246360778809
112,8,200,20,0,2,-10000.0,-1.85,2,False,MLE,0.0,0,0.07041556909295073,0.11017716179356163,0.004798932725068418,2.4245717525482178
113,8,200,20,0,2,-10000.0,-1.85,2,False,MAP,0.0,0,0.18070451845613586,0.1137906929522187,0.0048922895998766,2.546985387802124
114,8,200,20,0,2,-10000.0,-1.85,2,False,VIMC,0.0,0,0.10714928470374745,0.09564827684441725,0.00454369945645455,36.28379678726196
115,8,200,20,0,2,-10000.0,-1.85,2,False,ADVI,0.0,0,0.08751476383072,0.09717369693901273,0.00457557267371118,5.005169153213501
116,9,200,20,0,2,-10000.0,-1.85,2,False,MLE,0.0,0,0.08307889557288829,0.10478920245098863,0.004680183023346867,2.447080373764038
117,9,200,20,0,2,-10000.0,-1.85,2,False,MAP,0.0,0,0.166411906208746,0.10757902901902817,0.004875412409759385,2.5330448150634766
118,9,200,20,0,2,-10000.0,-1.85,2,False,VIMC,0.0,0,0.10959452892102907,0.09329014984465735,0.004253708738532674,34.94077706336975
119,9,200,20,0,2,-10000.0,-1.85,2,False,ADVI,0.0,0,0.09410202421329221,0.09459539018864967,0.004412485359403069,4.99509596824646
120,0,200,50,0,2,-10000.0,-1.85,2,False,MLE,0.0,0,0.04735729649758346,0.06770786204221887,0.005196607994609447,2.423936605453491
121,0,200,50,0,2,-10000.0,-1.85,2,False,MAP,0.0,0,0.0925887442726212,0.06129949015374844,0.005179178591271715,2.5271406173706055
122,0,200,50,0,2,-10000.0,-1.85,2,False,VIMC,0.0,0,0.05632220369936664,0.05832603218889671,0.00609562403955148,34.9831120967865
123,0,200,50,0,2,-10000.0,-1.85,2,False,ADVI,0.0,0,0.03328469593101455,0.05450785564239983,0.005082527645100601,4.990784406661987
124,1,200,50,0,2,-10000.0,-1.85,2,False,MLE,0.0,0,0.059888978503367385,0.08455723274636189,0.0060524794432667735,2.4315121173858643
125,1,200,50,0,2,-10000.0,-1.85,2,False,MAP,0.0,0,0.10027606866618445,0.08324264031983808,0.0059742112718600094,2.5601966381073
126,1,200,50,0,2,-10000.0,-1.85,2,False,VIMC,0.0,0,0.06580997478897667,0.0803736609573748,0.007371228953563693,34.61849641799927
127,1,200,50,0,2,-10000.0,-1.85,2,False,ADVI,0.0,0,0.04040505235316608,0.07434519753273836,0.0058724483644877114,5.028839111328125
128,2,200,50,0,2,-10000.0,-1.85,2,False,MLE,0.0,0,0.041476586726138714,0.0839312134163705,0.006135397575425519,2.4417707920074463
129,2,200,50,0,2,-10000.0,-1.85,2,False,MAP,0.0,0,0.12466938312397775,0.08379339733933974,0.0063099586166362465,2.5617763996124268
130,2,200,50,0,2,-10000.0,-1.85,2,False,VIMC,0.0,0,0.07096321512839446,0.07612862014919067,0.007356055032138884,34.366960287094116
131,2,200,50,0,2,-10000.0,-1.85,2,False,ADVI,0.0,0,0.03853485828828243,0.06932885343627518,0.005992904475047824,4.93997859954834
132,3,200,50,0,2,-10000.0,-1.85,2,False,MLE,0.0,0,0.04179306578772284,0.07092786191852467,0.0047117163097399875,2.4122493267059326
133,3,200,50,0,2,-10000.0,-1.85,2,False,MAP,0.0,0,0.0989769632531637,0.06907156921796757,0.004690880641103869,2.548063278198242
134,3,200,50,0,2,-10000.0,-1.85,2,False,VIMC,0.0,0,0.06326889370112948,0.06481479026221577,0.006187413898815944,34.58012104034424
135,3,200,50,0,2,-10000.0,-1.85,2,False,ADVI,0.0,0,0.034501837720782066,0.060308472559284745,0.00469502406994678,4.981539487838745
136,4,200,50,0,2,-10000.0,-1.85,2,False,MLE,0.0,0,0.03876686160032115,0.08244163641477477,0.006788764534839609,2.4310781955718994
137,4,200,50,0,2,-10000.0,-1.85,2,False,MAP,0.0,0,0.12757307573949742,0.0885035849145547,0.006780732434258061,2.5261497497558594
138,4,200,50,0,2,-10000.0,-1.85,2,False,VIMC,0.0,0,0.07188066778544853,0.08076253670225786,0.008596874310407964,34.6253981590271
139,4,200,50,0,2,-10000.0,-1.85,2,False,ADVI,0.0,0,0.03534427431870606,0.07387929373046981,0.006615978436989042,4.946101427078247
140,5,200,50,0,2,-10000.0,-1.85,2,False,MLE,0.0,0,0.034055705289814914,0.05873141845419235,0.00427219518487386,2.4409728050231934
141,5,200,50,0,2,-10000.0,-1.85,2,False,MAP,0.0,0,0.10311817915832436,0.06261667193189639,0.004255158568731958,2.562532424926758
142,5,200,50,0,2,-10000.0,-1.85,2,False,VIMC,0.0,0,0.06591328877797362,0.05833432746379984,0.0052661127487612066,35.3138210773468
143,5,200,50,0,2,-10000.0,-1.85,2,False,ADVI,0.0,0,0.03466176875718642,0.05126728956342027,0.00417640810537461,4.9391865730285645
144,6,200,50,0,2,-10000.0,-1.85,2,False,MLE,0.0,0,0.04541844268444316,0.07452316428744807,0.007127208717644055,2.439096689224243
145,6,200,50,0,2,-10000.0,-1.85,2,False,MAP,0.0,0,0.12203654362600654,0.08125655047925195,0.007163700614354648,2.2907495498657227
146,6,200,50,0,2,-10000.0,-1.85,2,False,VIMC,0.0,0,0.07317642582056638,0.07253436005398574,0.008320439116839108,34.619611978530884
147,6,200,50,0,2,-10000.0,-1.85,2,False,ADVI,0.0,0,0.04100164139224823,0.06644229573264525,0.006936594915897417,4.966244697570801
148,7,200,50,0,2,-10000.0,-1.85,2,False,MLE,0.0,0,0.03605786732998978,0.07027402095332753,0.0055731613286894915,2.4624083042144775
149,7,200,50,0,2,-10000.0,-1.85,2,False,MAP,0.0,0,0.11034884962006493,0.07496694814602471,0.005554368468854508,2.2964494228363037
150,7,200,50,0,2,-10000.0,-1.85,2,False,VIMC,0.0,0,0.0714831382495011,0.06823216132762892,0.007282414419072525,34.73577833175659
151,7,200,50,0,2,-10000.0,-1.85,2,False,ADVI,0.0,0,0.03720192037188153,0.06153227681662642,0.005475231647885996,5.004858016967773
152,8,200,50,0,2,-10000.0,-1.85,2,False,MLE,0.0,0,0.04410325158138927,0.06603261152016397,0.006364502539666023,2.4305479526519775
153,8,200,50,0,2,-10000.0,-1.85,2,False,MAP,0.0,0,0.09824238631206238,0.06449970785883033,0.006250262666616098,2.5834503173828125
154,8,200,50,0,2,-10000.0,-1.85,2,False,VIMC,0.0,0,0.06764876414156855,0.06380741897492594,0.00805931645765595,34.80423092842102
155,8,200,50,0,2,-10000.0,-1.85,2,False,ADVI,0.0,0,0.03651560799718265,0.055093944461217854,0.006179123817028588,4.921425104141235
156,9,200,50,0,2,-10000.0,-1.85,2,False,MLE,0.0,0,0.0345211287186648,0.10612195471007778,0.007189308011787082,2.420393705368042
157,9,200,50,0,2,-10000.0,-1.85,2,False,MAP,0.0,0,0.15191727787955867,0.11513770437882369,0.007196031370797476,2.545832395553589
158,9,200,50,0,2,-10000.0,-1.85,2,False,VIMC,0.0,0,0.07241930690823646,0.09599777316557527,0.009136671118635274,34.917930364608765
159,9,200,50,0,2,-10000.0,-1.85,2,False,ADVI,0.0,0,0.03831208995313759,0.08841986041996645,0.0070383540699577325,4.99922513961792
160,0,200,100,0,2,-10000.0,-1.85,2,False,MLE,0.0,0,0.02825531311371688,0.09566163956074454,0.011501661690203198,2.447648286819458
161,0,200,100,0,2,-10000.0,-1.85,2,False,MAP,0.0,0,0.1436467786567453,0.10224877412485284,0.011539378670037754,2.5555574893951416
162,0,200,100,0,2,-10000.0,-1.85,2,False,VIMC,0.0,0,0.07550618392917238,0.09112955502923371,0.01726729866443084,34.99023675918579
163,0,200,100,0,2,-10000.0,-1.85,2,False,ADVI,0.0,0,0.0276438562940704,0.07893490086898271,0.011399727133287846,5.0066399574279785
164,1,200,100,0,2,-10000.0,-1.85,2,False,MLE,0.0,0,0.02125595552622592,0.08100212863624855,0.009061283631421559,2.436558723449707
165,1,200,100,0,2,-10000.0,-1.85,2,False,MAP,0.0,0,0.12995734749740254,0.08790442302686385,0.009048939497713763,2.565112352371216
166,1,200,100,0,2,-10000.0,-1.85,2,False,VIMC,0.0,0,0.07381742322451329,0.0836135279757708,0.014559764565557264,34.93510031700134
167,1,200,100,0,2,-10000.0,-1.85,2,False,ADVI,0.0,0,0.02143111513352809,0.07187268945090236,0.008896821715523364,4.967946290969849
168,2,200,100,0,2,-10000.0,-1.85,2,False,MLE,0.0,0,0.019084574814327047,0.07555791505239219,0.008534873718344348,2.4201056957244873
169,2,200,100,0,2,-10000.0,-1.85,2,False,MAP,0.0,0,0.12492196593152434,0.08624505355030716,0.008483230991314298,2.449406385421753
170,2,200,100,0,2,-10000.0,-1.85,2,False,VIMC,0.0,0,0.06724427672812652,0.0768713449748686,0.013089050039570558,34.80826377868652
171,2,200,100,0,2,-10000.0,-1.85,2,False,ADVI,0.0,0,0.018977742488133064,0.06464067081280178,0.008393756740869087,4.963894844055176
172,3,200,100,0,2,-10000.0,-1.85,2,False,MLE,0.0,0,0.022728177500937547,0.07517763486459583,0.009115167316645571,2.4574172496795654
173,3,200,100,0,2,-10000.0,-1.85,2,False,MAP,0.0,0,0.10446252770395636,0.08233630361062853,0.009106999722086704,2.5665786266326904
174,3,200,100,0,2,-10000.0,-1.85,2,False,VIMC,0.0,0,0.05828603143765088,0.07553842797778512,0.014625265019984336,34.88959264755249
175,3,200,100,0,2,-10000.0,-1.85,2,False,ADVI,0.0,0,0.02018313319071587,0.06521459688645409,0.009062745963853891,4.96451473236084
176,4,200,100,0,2,-10000.0,-1.85,2,False,MLE,0.0,0,0.02455028128803951,0.08366200609908625,0.00879464357268476,2.4398484230041504
177,4,200,100,0,2,-10000.0,-1.85,2,False,MAP,0.0,0,0.09125412388650754,0.07734411466536958,0.008797368343840288,2.2323715686798096
178,4,200,100,0,2,-10000.0,-1.85,2,False,VIMC,0.0,0,0.05248933035100991,0.07846978534203397,0.014942390900508116,34.935258865356445
179,4,200,100,0,2,-10000.0,-1.85,2,False,ADVI,0.0,0,0.017937081935005112,0.06794526535655923,0.00868566096877204,4.985529184341431
180,5,200,100,0,2,-10000.0,-1.85,2,False,MLE,0.0,0,0.017766064833049853,0.045546557610440706,0.006035736561395041,2.4233286380767822
181,5,200,100,0,2,-10000.0,-1.85,2,False,MAP,0.0,0,0.09736249016621207,0.05493166965103251,0.006040298446026922,2.302403450012207
182,5,200,100,0,2,-10000.0,-1.85,2,False,VIMC,0.0,0,0.058469785742415285,0.051805920229580985,0.009137412387324097,34.739741563797
183,5,200,100,0,2,-10000.0,-1.85,2,False,ADVI,0.0,0,0.016959111781494337,0.04021309797627968,0.005953494635198876,4.986891269683838
184,6,200,100,0,2,-10000.0,-1.85,2,False,MLE,0.0,0,0.032223107069864546,0.11824968114030272,0.01167943331617156,2.4133870601654053
185,6,200,100,0,2,-10000.0,-1.85,2,False,MAP,0.0,0,0.12531582015012868,0.11072633986506962,0.011687981267013215,2.5556018352508545
186,6,200,100,0,2,-10000.0,-1.85,2,False,VIMC,0.0,0,0.0631930475540308,0.10182173552575913,0.016703944583719314,34.71890330314636
187,6,200,100,0,2,-10000.0,-1.85,2,False,ADVI,0.0,0,0.025161371210644407,0.09399280568913745,0.011453853613487166,5.004483461380005
188,7,200,100,0,2,-10000.0,-1.85,2,False,MLE,0.0,0,0.02379310652119747,0.07260640698420485,0.007965754809426788,2.407291889190674
189,7,200,100,0,2,-10000.0,-1.85,2,False,MAP,0.0,0,0.09851716610562938,0.07485631407426056,0.008063691855062317,2.5482661724090576
190,7,200,100,0,2,-10000.0,-1.85,2,False,VIMC,0.0,0,0.05748528190160744,0.0701520858686543,0.012774653578183044,34.934136390686035
191,7,200,100,0,2,-10000.0,-1.85,2,False,ADVI,0.0,0,0.020943189032681078,0.060587798560205755,0.007935020013722949,5.0349650382995605
192,8,200,100,0,2,-10000.0,-1.85,2,False,MLE,0.0,0,0.020289788346697576,0.09102934411123068,0.009024774189332944,2.4419517517089844
193,8,200,100,0,2,-10000.0,-1.85,2,False,MAP,0.0,0,0.12487281656106237,0.09523586035998464,0.00912350772852494,2.4859683513641357
194,8,200,100,0,2,-10000.0,-1.85,2,False,VIMC,0.0,0,0.06829686975455193,0.09336447185913686,0.014731126590367185,35.02324032783508
195,8,200,100,0,2,-10000.0,-1.85,2,False,ADVI,0.0,0,0.022261541002959937,0.08335255870071938,0.00899776611221287,5.348233938217163
196,9,200,100,0,2,-10000.0,-1.85,2,False,MLE,0.0,0,0.02435612217184196,0.07933369226313904,0.0074273387199234675,2.4496047496795654
197,9,200,100,0,2,-10000.0,-1.85,2,False,MAP,0.0,0,0.09822723817434531,0.07949808041787594,0.007390622522778884,2.5860788822174072
198,9,200,100,0,2,-10000.0,-1.85,2,False,VIMC,0.0,0,0.059412660811851724,0.08215004214346841,0.012358714688173563,35.37126278877258
199,9,200,100,0,2,-10000.0,-1.85,2,False,ADVI,0.0,0,0.01900456552713827,0.06790233552378423,0.007293289364377769,4.965718507766724
200,0,200,200,0,2,-10000.0,-1.85,2,False,MLE,0.0,0,0.010527563286652821,0.06243475029464966,0.010865278200051242,2.4015982151031494
201,0,200,200,0,2,-10000.0,-1.85,2,False,MAP,0.0,0,0.10757365201959954,0.06953451728667703,0.010860827463029344,2.534867286682129
202,0,200,200,0,2,-10000.0,-1.85,2,False,VIMC,0.0,0,0.06007892404538381,0.06744554162974284,0.019963274912982904,35.339606046676636
203,0,200,200,0,2,-10000.0,-1.85,2,False,ADVI,0.0,0,0.010826849681276528,0.055080569326186615,0.01080186685786238,4.316101551055908
204,1,200,200,0,2,-10000.0,-1.85,2,False,MLE,0.0,0,0.011114291403141796,0.06888671378639873,0.011585690064163918,2.21237850189209
205,1,200,200,0,2,-10000.0,-1.85,2,False,MAP,0.0,0,0.10541145135251406,0.07020817179172711,0.011550587777137817,2.3404576778411865
206,1,200,200,0,2,-10000.0,-1.85,2,False,VIMC,0.0,0,0.06344763091402734,0.07131874779823148,0.02656543469094922,35.37039279937744
207,1,200,200,0,2,-10000.0,-1.85,2,False,ADVI,0.0,0,0.011648170416844471,0.05690164328540519,0.011552369203346999,5.241950035095215
208,2,200,200,0,2,-10000.0,-1.85,2,False,MLE,0.0,0,0.01914202189021872,0.09370407341234209,0.0161432277644426,2.3914973735809326
209,2,200,200,0,2,-10000.0,-1.85,2,False,MAP,0.0,0,0.08211049135829102,0.08389146246791346,0.016106893238933134,2.5193464756011963
210,2,200,200,0,2,-10000.0,-1.85,2,False,VIMC,0.0,0,0.050049956383376816,0.0882592333693492,0.035123187955329184,35.25960111618042
211,2,200,200,0,2,-10000.0,-1.85,2,False,ADVI,0.0,0,0.020406076667161228,0.07765303689553033,0.016024659384373828,5.367793798446655
212,3,200,200,0,2,-10000.0,-1.85,2,False,MLE,0.0,0,0.01571556870506962,0.08224129784605912,0.016089040613342855,2.4711673259735107
213,3,200,200,0,2,-10000.0,-1.85,2,False,MAP,0.0,0,0.1279613498334295,0.09488977888826428,0.016078278487483777,2.6198747158050537
214,3,200,200,0,2,-10000.0,-1.85,2,False,VIMC,0.0,0,0.061995683986097685,0.08388388237207077,0.033401143175402416,35.22616505622864
215,3,200,200,0,2,-10000.0,-1.85,2,False,ADVI,0.0,0,0.011961404569000064,0.06957475864022337,0.015970955529219868,5.253048419952393
216,4,200,200,0,2,-10000.0,-1.85,2,False,MLE,0.0,0,0.016164305816172172,0.07184278190567672,0.012924169219983352,2.396193742752075
217,4,200,200,0,2,-10000.0,-1.85,2,False,MAP,0.0,0,0.09396395666144859,0.0748485232259198,0.01289425518602818,2.3350234031677246
218,4,200,200,0,2,-10000.0,-1.85,2,False,VIMC,0.0,0,0.05371006469942053,0.07539868649774349,0.025691399879580454,35.01843738555908
219,4,200,200,0,2,-10000.0,-1.85,2,False,ADVI,0.0,0,0.013323427698793019,0.062479201200864545,0.01282118267340353,4.247185230255127
220,5,200,200,0,2,-10000.0,-1.85,2,False,MLE,0.0,0,0.012616867038926843,0.06784968753678991,0.009688166183171552,2.4225265979766846
221,5,200,200,0,2,-10000.0,-1.85,2,False,MAP,0.0,0,0.0736353081092988,0.06261261047931876,0.0096749781528107,2.56786847114563
222,5,200,200,0,2,-10000.0,-1.85,2,False,VIMC,0.0,0,0.04957562251232251,0.06979784637139261,0.021061511833350546,35.16854691505432
223,5,200,200,0,2,-10000.0,-1.85,2,False,ADVI,0.0,0,0.009440272193825825,0.05566193773269984,0.009628489798876523,5.2908549308776855
224,6,200,200,0,2,-10000.0,-1.85,2,False,MLE,0.0,0,0.009597845570506146,0.05636783654901167,0.010125787041765925,2.452726364135742
225,6,200,200,0,2,-10000.0,-1.85,2,False,MAP,0.0,0,0.09154572878091173,0.05690786915663256,0.010103960098765047,2.4513022899627686
226,6,200,200,0,2,-10000.0,-1.85,2,False,VIMC,0.0,0,0.05649259503591231,0.057467210181010024,0.02033838326068106,34.16720151901245
227,6,200,200,0,2,-10000.0,-1.85,2,False,ADVI,0.0,0,0.008482413972347296,0.04458981416079328,0.010033879823389326,4.952313661575317
228,7,200,200,0,2,-10000.0,-1.85,2,False,MLE,0.0,0,0.01139938628285715,0.07895227955419498,0.01307307485460892,2.392697334289551
229,7,200,200,0,2,-10000.0,-1.85,2,False,MAP,0.0,0,0.12137625363177033,0.08160104571688002,0.013134332106883183,2.5749099254608154
230,7,200,200,0,2,-10000.0,-1.85,2,False,VIMC,0.0,0,0.06814781268360032,0.07660795126945245,0.02995188076324249,35.250845432281494
231,7,200,200,0,2,-10000.0,-1.85,2,False,ADVI,0.0,0,0.012608874817894208,0.06536815864236625,0.013082465550896729,5.163182735443115
232,8,200,200,0,2,-10000.0,-1.85,2,False,MLE,0.0,0,0.010808594776651461,0.06480411192647983,0.009966026884971405,2.4483113288879395
233,8,200,200,0,2,-10000.0,-1.85,2,False,MAP,0.0,0,0.10613102675463758,0.06886556033286705,0.009970520510896069,2.534669876098633
234,8,200,200,0,2,-10000.0,-1.85,2,False,VIMC,0.0,0,0.06507937970537138,0.06959086702677754,0.020471866448582496,35.44586634635925
235,8,200,200,0,2,-10000.0,-1.85,2,False,ADVI,0.0,0,0.01109559486204237,0.05551793694737253,0.009902586939199199,5.323530673980713
236,9,200,200,0,2,-10000.0,-1.85,2,False,MLE,0.0,0,0.015093900757612565,0.07232895306470799,0.013052784059748098,2.473090410232544
237,9,200,200,0,2,-10000.0,-1.85,2,False,MAP,0.0,0,0.12312198895518445,0.08186983700407251,0.013028767679963247,2.64882493019104
238,9,200,200,0,2,-10000.0,-1.85,2,False,VIMC,0.0,0,0.06931494083646852,0.07628243512477963,0.024476675164292264,35.244431495666504
239,9,200,200,0,2,-10000.0,-1.85,2,False,ADVI,0.0,0,0.014841835367644225,0.06094129509321856,0.012899342271877069,5.125572919845581
240,0,200,500,0,2,-10000.0,-1.85,2,False,MLE,0.0,0,0.012911146130191984,0.07757312756354497,0.022079841252376147,2.4530043601989746
241,0,200,500,0,2,-10000.0,-1.85,2,False,MAP,0.0,0,0.11136880989327713,0.0832663474215487,0.022075840614820444,2.619054079055786
242,0,200,500,0,2,-10000.0,-1.85,2,False,VIMC,0.0,0,0.09372104103755804,0.09394518018348716,0.10057374778814297,23.375909328460693
243,0,200,500,0,2,-10000.0,-1.85,2,False,ADVI,0.0,0,0.003979432379848335,0.06642462843461366,0.022038338629137354,5.345531225204468
244,1,200,500,0,2,-10000.0,-1.85,2,False,MLE,0.0,0,0.01052266516933747,0.07060185040916699,0.02680905612935346,2.445330858230591
245,1,200,500,0,2,-10000.0,-1.85,2,False,MAP,0.0,0,0.11158729351941679,0.08212285894189116,0.026775598302480944,2.661571741104126
246,1,200,500,0,2,-10000.0,-1.85,2,False,VIMC,0.0,0,0.08862264460476492,0.0968167814328084,0.11783502075191127,23.352362394332886
247,1,200,500,0,2,-10000.0,-1.85,2,False,ADVI,0.0,0,0.010086935951238066,0.05920718845204616,0.02673960760787747,5.391588449478149
248,2,200,500,0,2,-10000.0,-1.85,2,False,MLE,0.0,0,0.013070157391892002,0.07008313736593409,0.021844240838926776,2.4696695804595947
249,2,200,500,0,2,-10000.0,-1.85,2,False,MAP,0.0,0,0.11346008631740515,0.08295869168575042,0.021836210800303842,2.7349166870117188
250,2,200,500,0,2,-10000.0,-1.85,2,False,VIMC,0.0,0,0.0819280572717051,0.08909282045634838,0.08547059488531793,23.510292768478394
251,2,200,500,0,2,-10000.0,-1.85,2,False,ADVI,0.0,0,0.008751744683801434,0.06134709408759243,0.021780770440886395,5.355279207229614
252,3,200,500,0,2,-10000.0,-1.85,2,False,MLE,0.0,0,0.008769767678616543,0.06624090403200976,0.02179612167737309,2.5778157711029053
253,3,200,500,0,2,-10000.0,-1.85,2,False,MAP,0.0,0,0.09892677990524608,0.0764855573738686,0.021805126265881755,2.7562711238861084
254,3,200,500,0,2,-10000.0,-1.85,2,False,VIMC,0.0,0,0.08450170932813597,0.08904214983301208,0.08648888826399774,23.216527938842773
255,3,200,500,0,2,-10000.0,-1.85,2,False,ADVI,0.0,0,0.005816649632956848,0.05805938072519686,0.021719231737219416,5.435778856277466
256,4,200,500,0,2,-10000.0,-1.85,2,False,MLE,0.0,0,0.009136741555019237,0.0509422728862758,0.02601804389972984,2.6211774349212646
257,4,200,500,0,2,-10000.0,-1.85,2,False,MAP,0.0,0,0.08727175392988983,0.06067101817310627,0.026017259967649465,2.572221040725708
258,4,200,500,0,2,-10000.0,-1.85,2,False,VIMC,0.0,0,0.07454920729460777,0.07024788205597696,0.10136655118778233,23.504416942596436
259,4,200,500,0,2,-10000.0,-1.85,2,False,ADVI,0.0,0,0.011148679684467573,0.045956942074146065,0.025965387566309714,5.492866039276123
260,5,200,500,0,2,-10000.0,-1.85,2,False,MLE,0.0,0,0.03736708870424366,0.08622508976412607,0.02642866926742949,2.572584629058838
261,5,200,500,0,2,-10000.0,-1.85,2,False,MAP,0.0,0,0.1464053401412122,0.09456323896376612,0.0264231705498656,2.65946102142334
262,5,200,500,0,2,-10000.0,-1.85,2,False,VIMC,0.0,0,0.1143896664032212,0.10474112279454412,0.11323904135440516,23.28823685646057
263,5,200,500,0,2,-10000.0,-1.85,2,False,ADVI,0.0,0,0.014328807977220392,0.0708069133015722,0.0263250455374078,5.329498052597046
264,6,200,500,0,2,-10000.0,-1.85,2,False,MLE,0.0,0,0.012803806734177027,0.0526083275746731,0.01717012122828473,2.488117218017578
265,6,200,500,0,2,-10000.0,-1.85,2,False,MAP,0.0,0,0.10052591092140133,0.05884940703519061,0.017151099706848458,2.6627488136291504
266,6,200,500,0,2,-10000.0,-1.85,2,False,VIMC,0.0,0,0.08095761141613927,0.07117577801514276,0.06662783190263942,23.504473209381104
267,6,200,500,0,2,-10000.0,-1.85,2,False,ADVI,0.0,0,0.006868416550415546,0.04539365901999305,0.017144885084713107,5.3789567947387695
268,7,200,500,0,2,-10000.0,-1.85,2,False,MLE,0.0,0,0.020492270114783037,0.08371029531183675,0.02626736207292787,2.494502067565918
269,7,200,500,0,2,-10000.0,-1.85,2,False,MAP,0.0,0,0.1214108904667552,0.08816127275524947,0.026263037752249804,2.6910910606384277
270,7,200,500,0,2,-10000.0,-1.85,2,False,VIMC,0.0,0,0.09015934192614088,0.09754054307700288,0.10847732178674613,23.583878993988037
271,7,200,500,0,2,-10000.0,-1.85,2,False,ADVI,0.0,0,0.00801654216695448,0.07180121202840281,0.026219208898327673,5.590617895126343
272,8,200,500,0,2,-10000.0,-1.85,2,False,MLE,0.0,0,0.005649779371068061,0.06519281648861949,0.020545221064902024,2.5107195377349854
273,8,200,500,0,2,-10000.0,-1.85,2,False,MAP,0.0,0,0.08565358599773273,0.06675329573181175,0.020550245004111824,2.6353328227996826
274,8,200,500,0,2,-10000.0,-1.85,2,False,VIMC,0.0,0,0.07394407069229554,0.08081687126024739,0.07944542618601681,25.31875467300415
275,8,200,500,0,2,-10000.0,-1.85,2,False,ADVI,0.0,0,0.007560235749523533,0.056883358064278064,0.02051778341074889,5.268869876861572
276,9,200,500,0,2,-10000.0,-1.85,2,False,MLE,0.0,0,0.010128343563449473,0.05884418215218247,0.02466247740356478,2.526028633117676
277,9,200,500,0,2,-10000.0,-1.85,2,False,MAP,0.0,0,0.09966148253681413,0.06433820134391413,0.02464581344781052,2.626791477203369
278,9,200,500,0,2,-10000.0,-1.85,2,False,VIMC,0.0,0,0.08416344709481076,0.072085791824671,0.11382984171290661,23.63922429084778
279,9,200,500,0,2,-10000.0,-1.85,2,False,ADVI,0.0,0,0.0074256147508141605,0.04748898032883756,0.024604821158940714,5.372294902801514
280,0,200,1000,0,2,-10000.0,-1.85,2,False,MLE,0.0,0,0.008308673755955924,0.0520263639705586,0.03542308736080776,2.690183401107788
281,0,200,1000,0,2,-10000.0,-1.85,2,False,MAP,0.0,0,0.06806099104280444,0.05147726710324488,0.03542392584174363,2.882253646850586
282,0,200,1000,0,2,-10000.0,-1.85,2,False,VIMC,0.0,0,0.08975901133254718,0.07910253437919514,0.21174899553628285,19.651296138763428
283,0,200,1000,0,2,-10000.0,-1.85,2,False,ADVI,0.0,0,0.012039293313980496,0.048163466011027674,0.03536146319667661,5.592487812042236
284,1,200,1000,0,2,-10000.0,-1.85,2,False,MLE,0.0,0,0.02073214881414407,0.05983198541356988,0.04241905780413804,2.7493577003479004
285,1,200,1000,0,2,-10000.0,-1.85,2,False,MAP,0.0,0,0.09230966975625804,0.06549380022098202,0.04238254526123986,2.8341944217681885
286,1,200,1000,0,2,-10000.0,-1.85,2,False,VIMC,0.0,0,0.12734372056115853,0.09349267682721633,0.2657980433129566,19.568893909454346
287,1,200,1000,0,2,-10000.0,-1.85,2,False,ADVI,0.0,0,0.004361216405509302,0.05074844331980554,0.04235463481036498,5.637128114700317
288,2,200,1000,0,2,-10000.0,-1.85,2,False,MLE,0.0,0,0.02671779361354868,0.08202723598507301,0.04550638665650858,2.767946720123291
289,2,200,1000,0,2,-10000.0,-1.85,2,False,MAP,0.0,0,0.09311692666984278,0.07988002000720484,0.04549614333975856,2.829362630844116
290,2,200,1000,0,2,-10000.0,-1.85,2,False,VIMC,0.0,0,0.12187695454587043,0.10743572596238839,0.27693204727394327,19.58600687980652
291,2,200,1000,0,2,-10000.0,-1.85,2,False,ADVI,0.0,0,0.015548929934545307,0.06924326490516856,0.04540286360365241,5.7016308307647705
292,3,200,1000,0,2,-10000.0,-1.85,2,False,MLE,0.0,0,0.022327365730197238,0.0778479846045069,0.0521032219833625,2.671121120452881
293,3,200,1000,0,2,-10000.0,-1.85,2,False,MAP,0.0,0,0.09485291169626707,0.07912841034387785,0.052078687548911255,2.8141493797302246
294,3,200,1000,0,2,-10000.0,-1.85,2,False,VIMC,0.0,0,0.1166614075660612,0.10300946183705904,0.32861473889116494,19.741856575012207
295,3,200,1000,0,2,-10000.0,-1.85,2,False,ADVI,0.0,0,0.011056821674533564,0.06509606845854006,0.052012911384672525,5.662479639053345
296,4,200,1000,0,2,-10000.0,-1.85,2,False,MLE,0.0,0,0.07782410339115627,0.10323194126306821,0.04920277267885195,2.6690993309020996
297,4,200,1000,0,2,-10000.0,-1.85,2,False,MAP,0.0,0,0.139938278045538,0.1026185174837589,0.04919417381976013,2.842622995376587
298,4,200,1000,0,2,-10000.0,-1.85,2,False,VIMC,0.0,0,0.10922668415820615,0.12009335939826751,0.28470408196672126,19.712676286697388
299,4,200,1000,0,2,-10000.0,-1.85,2,False,ADVI,0.0,0,0.021123703632939136,0.08728603720728827,0.04908903218456907,5.7210853099823
300,5,200,1000,0,2,-10000.0,-1.85,2,False,MLE,0.0,0,0.019002843499812412,0.09508100925976873,0.059698381092134635,2.5919108390808105
301,5,200,1000,0,2,-10000.0,-1.85,2,False,MAP,0.0,0,0.08131515003192996,0.08958526942450308,0.05966924525551646,2.7751731872558594
302,5,200,1000,0,2,-10000.0,-1.85,2,False,VIMC,0.0,0,0.10328945766193794,0.10928350620870714,0.3551625457462397,19.910160303115845
303,5,200,1000,0,2,-10000.0,-1.85,2,False,ADVI,0.0,0,0.03560953157118321,0.08957913669512149,0.05955526504212799,5.796488285064697
304,6,200,1000,0,2,-10000.0,-1.85,2,False,MLE,0.0,0,0.02548491086180572,0.0676166188319169,0.038959821830135216,2.6945269107818604
305,6,200,1000,0,2,-10000.0,-1.85,2,False,MAP,0.0,0,0.08831169573977479,0.063728219944167,0.0389576664537338,2.971681594848633
306,6,200,1000,0,2,-10000.0,-1.85,2,False,VIMC,0.0,0,0.11244965630790708,0.08739378438318907,0.21847631940849543,19.710899353027344
307,6,200,1000,0,2,-10000.0,-1.85,2,False,ADVI,0.0,0,0.008367336176125229,0.05566912604668333,0.038903113932448094,5.697057723999023
308,7,200,1000,0,2,-10000.0,-1.85,2,False,MLE,0.0,0,0.01573975186031883,0.07769318578889732,0.04892119613339265,2.624116897583008
309,7,200,1000,0,2,-10000.0,-1.85,2,False,MAP,0.0,0,0.07746199231315946,0.07874410549346118,0.048936370995446274,2.8144710063934326
310,7,200,1000,0,2,-10000.0,-1.85,2,False,VIMC,0.0,0,0.08061119877472574,0.09801716330790695,0.23696802933637914,19.77265453338623
311,7,200,1000,0,2,-10000.0,-1.85,2,False,ADVI,0.0,0,0.03745728352637945,0.0755129646832533,0.04877294953215593,5.677487373352051
312,8,200,1000,0,2,-10000.0,-1.85,2,False,MLE,0.0,0,0.017851360121445847,0.05968274005141344,0.042580207964418575,2.6400787830352783
313,8,200,1000,0,2,-10000.0,-1.85,2,False,MAP,0.0,0,0.08063829153565677,0.0601283089132621,0.042566697140928055,2.762139081954956
314,8,200,1000,0,2,-10000.0,-1.85,2,False,VIMC,0.0,0,0.13281703600121955,0.08804602321115008,0.24363303534445546,19.753427028656006
315,8,200,1000,0,2,-10000.0,-1.85,2,False,ADVI,0.0,0,0.0163074343983497,0.051290592767802574,0.042496194795456375,5.632257699966431
316,9,200,1000,0,2,-10000.0,-1.85,2,False,MLE,0.0,0,0.025578998662308724,0.07647437010296644,0.05155065818264509,2.6619865894317627
317,9,200,1000,0,2,-10000.0,-1.85,2,False,MAP,0.0,0,0.09445462240426261,0.08238378460326774,0.05154282947350657,2.8956351280212402
318,9,200,1000,0,2,-10000.0,-1.85,2,False,VIMC,0.0,0,0.1103217976534489,0.09884549492433432,0.30158852705387473,19.863516092300415
319,9,200,1000,0,2,-10000.0,-1.85,2,False,ADVI,0.0,0,0.017556246331130686,0.06745201826967027,0.05148102805091263,5.732646465301514
